holmauto.com,https://neosemo.ai/search/2842
holmautocadillac.com,https://neosemo.ai/search/2843
hollyChevrolet.com,https://neosemo.ai/search/2844
reedyfordonline.com,https://neosemo.ai/search/2845
lewisChevroletbuick.com,https://neosemo.ai/search/2846
www.cwbeamgard.com,https://neosemo.ai/search/2847
donhattanford.com,https://neosemo.ai/search/2848
parksmotors.com,https://neosemo.ai/search/2849
www.parkschryslerdodgejeep.com,https://neosemo.ai/search/2850
meltonChevrolet.com,https://neosemo.ai/search/2851
crow-moddieChevrolet.com,https://neosemo.ai/search/2852
jayhatfieldchanute.com,
jayhatfieldchanute.com,
www.shieldsmotorchryslerdodgejeep.com,
lubbersbrothers.com,
www.colbychryslerdodgejeep.com,https://neosemo.ai/search/2853
jayhatfieldchevy.net,https://neosemo.ai/search/2854
mikecarpinoford.com,https://neosemo.ai/search/2855
concordiachevybuick.com,https://neosemo.ai/search/2856
www.boltonchryslerdodgejeep.com,https://neosemo.ai/search/2857
www.facebook.com,https://neosemo.ai/search/2858
buygghyundai.com,https://neosemo.ai/search/2859
www.buyggautos.com,https://neosemo.ai/search/2860
www.loppmotors.net,https://neosemo.ai/search/2861
www.loppmotors.net,https://neosemo.ai/search/2862
johnkfisher.com,https://neosemo.ai/search/2863
johnkfisher.com,https://neosemo.ai/search/2864
clintbowyertoyota.com,https://neosemo.ai/search/2865
www.johnnorthnissan.com,https://neosemo.ai/search/2866
longbineauto.com,https://neosemo.ai/search/2867
briggsftscottchevrolet.com,
briggsftscottChevrolet.com,https://neosemo.ai/search/2868
briggsoffortscottks.com,
leechev.com,
molleautomotive.net,
molleautomotive.net,
lewiscadillacofgardencity.com,
www.lewis-nissan.com,
shopwesternhonda.com,
beckmanmotorsgarnett.com,
danbrennerford.com,
herlchev.com,
marmiegm.com,
marmiegm.com,
marmiegm.com,
www.marmiemotorschryslerdodgejeep.com,
newberryfamilyauto.com,
shepchevrolet.com,
jamesmotor.com,
jamesmotor.com,
hillsborofordks.net,
midwaymotorshillsboro.com,
mchevy.com,
dougrichertchevybuick.com,
fosterfordinc.com,
conklinbuickgmchutchinson.com,
conklinhondahutchinson.com,
allensamuelshutch.com,
midwaymotorshutchinson.com,
midwesttoyotadealer.com,
www.qualitymotors.com,
quality-toyota.com,
romansgm.com,
dickedwardsautoplaza.com,
www.dickedwardskia.com,
jimclarkchevroletcadillac.com,
www.dealertown.co,
legendstoyota.com,
randycurnow.com,
randycurnow.com,
victoryfordkc.com,
newberryfamilymotors.com,
bryanChevroletbuick.com,
www.speedwaychryslerdodgejeep.com,
